locality name,latitude,longitude,Cluster Labels,1st Most Common Venue,2nd Most Common Venue,3rd Most Common Venue,4th Most Common Venue,5th Most Common Venue,6th Most Common Venue,7th Most Common Venue,8th Most Common Venue,9th Most Common Venue,10th Most Common Venue,price per sqft
Akshardham,28.5838692,77.0437467,3,Indian Restaurant,Print Store,Park,Advertising Agency,Monument,Pharmacy,Performing Arts Venue,North Indian Restaurant,Music Venue,Music Store,25000.0
Alaknanda,28.5253193,77.2546707,3,Market,Restaurant,Steakhouse,Chinese Restaurant,Advertising Agency,Moroccan Restaurant,Pharmacy,Performing Arts Venue,Park,North Indian Restaurant,16000.0
Alipur Village,28.63576,77.22445,4,Indian Restaurant,Bar,Café,Dessert Shop,Coffee Shop,Movie Theater,Diner,Falafel Restaurant,Fast Food Restaurant,Food and Beverage Retail,4000.0
Anand Vihar,28.578617,77.1612321,1,Farm,Hotel,Chinese Restaurant,Advertising Agency,Motorcycle Dealership,Pizzeria,Pharmacy,Performing Arts Venue,Park,North Indian Restaurant,11284.0
Ashok Nagar,28.5890885,77.3015085,1,Hotel,Pizzeria,Asian Restaurant,Café,Indian Restaurant,Restaurant,American Restaurant,Performing Arts Venue,Park,North Indian Restaurant,13888.0
Ashok Vihar,28.6956326,77.1874885,3,Hotel Bar,Retail,Advertising Agency,Monument,Pharmacy,Performing Arts Venue,Park,North Indian Restaurant,Music Venue,Music Store,11900.0
Bankoli Village,28.63576,77.22445,4,Indian Restaurant,Bar,Café,Dessert Shop,Coffee Shop,Movie Theater,Diner,Falafel Restaurant,Fast Food Restaurant,Food and Beverage Retail,3000.0
Bhalswa,28.63576,77.22445,4,Indian Restaurant,Bar,Café,Dessert Shop,Coffee Shop,Movie Theater,Diner,Falafel Restaurant,Fast Food Restaurant,Food and Beverage Retail,2907.0
Bharat Vihar,28.5681531,77.2054264,4,Advertising Agency,Metro Station,Coffee Shop,Monument,Light Rail Station,Movie Theater,Pizzeria,Pharmacy,Performing Arts Venue,Park,6591.0
Budh Vihar,28.6341112,77.1433462,4,Fast Food Restaurant,Coffee Shop,Sandwich Spot,Movie Theater,Advertising Agency,Platform,Pharmacy,Performing Arts Venue,Park,North Indian Restaurant,3272.0
Burari,28.63576,77.22445,4,Indian Restaurant,Bar,Café,Dessert Shop,Coffee Shop,Movie Theater,Diner,Falafel Restaurant,Fast Food Restaurant,Food and Beverage Retail,4550.0
Chanakyapuri,28.5946775,77.1885212,4,Performing Arts Venue,Hiking Trail,Advertising Agency,Monument,Pizzeria,Pharmacy,Park,North Indian Restaurant,Music Venue,Music Store,4000.0
Chatesar,28.63576,77.22445,4,Indian Restaurant,Bar,Café,Dessert Shop,Coffee Shop,Movie Theater,Diner,Falafel Restaurant,Fast Food Restaurant,Food and Beverage Retail,5000.0
Chattarpur,28.5035711,77.1884511,4,Café,Food Court,Restaurant,Coffee Shop,Shopping Plaza,Advertising Agency,Pharmacy,Performing Arts Venue,Park,North Indian Restaurant,5250.0
Chattarpur Enclave Phase 2,28.5035711,77.1884511,4,Café,Food Court,Restaurant,Coffee Shop,Shopping Plaza,Advertising Agency,Pharmacy,Performing Arts Venue,Park,North Indian Restaurant,3200.0
Chirag Dilli,28.5874702,77.1693,4,Café,Park,Sandwich Spot,Bistro,Deli,Snack Place,Indian Restaurant,Plaza,North Indian Restaurant,Performing Arts Venue,6518.0
Civil Lines,28.689878,77.20989,3,Tea Room,Fast Food Restaurant,Men's Store,Fried Chicken Joint,Advertising Agency,Moroccan Restaurant,Pharmacy,Performing Arts Venue,Park,North Indian Restaurant,18990.0
Deenpur,28.63576,77.22445,4,Indian Restaurant,Bar,Café,Dessert Shop,Coffee Shop,Movie Theater,Diner,Falafel Restaurant,Fast Food Restaurant,Food and Beverage Retail,5063.0
Defence Colony,28.5643603,77.2098719,3,Metro Station,Clothing Store,Breakfast Spot,Café,Pharmacy,Performing Arts Venue,Park,North Indian Restaurant,Motorcycle Dealership,Music Venue,33928.0
Dhul Siras,28.63576,77.22445,4,Indian Restaurant,Bar,Café,Dessert Shop,Coffee Shop,Movie Theater,Diner,Falafel Restaurant,Fast Food Restaurant,Food and Beverage Retail,12442.0
Dilshad Garden,28.63576,77.22445,4,Indian Restaurant,Bar,Café,Dessert Shop,Coffee Shop,Movie Theater,Diner,Falafel Restaurant,Fast Food Restaurant,Food and Beverage Retail,7800.0
Dwarka Mor,28.63576,77.22445,4,Indian Restaurant,Bar,Café,Dessert Shop,Coffee Shop,Movie Theater,Diner,Falafel Restaurant,Fast Food Restaurant,Food and Beverage Retail,5750.0
East of Kailash,28.5558548,77.2488354,3,Playground,Fast Food Restaurant,Vegan and Vegetarian Restaurant,Indie Movie Theater,Department Store,Temple,Coffee Shop,Hot Dog Joint,Music Store,Mughlai Restaurant,21750.0
Fatehpur Beri,28.63576,77.22445,4,Indian Restaurant,Bar,Café,Dessert Shop,Coffee Shop,Movie Theater,Diner,Falafel Restaurant,Fast Food Restaurant,Food and Beverage Retail,4017.0
Freedom Fighters Enclave,28.63576,77.22445,4,Indian Restaurant,Bar,Café,Dessert Shop,Coffee Shop,Movie Theater,Diner,Falafel Restaurant,Fast Food Restaurant,Food and Beverage Retail,8333.0
Gharoli,28.63576,77.22445,4,Indian Restaurant,Bar,Café,Dessert Shop,Coffee Shop,Movie Theater,Diner,Falafel Restaurant,Fast Food Restaurant,Food and Beverage Retail,10500.0
Greater Kailash,28.5555167,77.2634965,3,Indian Restaurant,Rail Station,Textiles Store,Spiritual Center,Advertising Agency,Monument,Performing Arts Venue,Park,North Indian Restaurant,Music Venue,21750.0
Greater Kailash 2,28.5504779,77.2341766,3,Indian Restaurant,Coffee Shop,Bistro,Dessert Shop,Sandwich Spot,Salad Restaurant,Cosmetics Store,Hotel,Ice Cream Parlor,Market,37250.0
Greater Kailash I,28.63576,77.22445,4,Indian Restaurant,Bar,Café,Dessert Shop,Coffee Shop,Movie Theater,Diner,Falafel Restaurant,Fast Food Restaurant,Food and Beverage Retail,15610.0
Haiderpur,28.7256794,77.1438487,1,Hotel,Coffee Shop,Advertising Agency,Moroccan Restaurant,Pizzeria,Pharmacy,Performing Arts Venue,Park,North Indian Restaurant,Music Venue,8181.0
Hari Nagar,28.6305256,77.1244808,4,Print Store,Food Truck,Bicycle Store,Fuel Station,Advertising Agency,Motorcycle Dealership,Pharmacy,Performing Arts Venue,Park,North Indian Restaurant,6350.0
Hari Nagar Ashram,28.63576,77.22445,4,Indian Restaurant,Bar,Café,Dessert Shop,Coffee Shop,Movie Theater,Diner,Falafel Restaurant,Fast Food Restaurant,Food and Beverage Retail,6516.0
IP Estate,28.6326914,77.2455905,3,Café,Fast Food Restaurant,Udupi Restaurant,Clothing Store,Historic and Protected Site,Stadium,Museum,Motorcycle Dealership,Movie Theater,Mughlai Restaurant,12787.0
IP Extension,28.63576,77.22445,4,Indian Restaurant,Bar,Café,Dessert Shop,Coffee Shop,Movie Theater,Diner,Falafel Restaurant,Fast Food Restaurant,Food and Beverage Retail,12650.0
Inder Puri,28.63576,77.22445,4,Indian Restaurant,Bar,Café,Dessert Shop,Coffee Shop,Movie Theater,Diner,Falafel Restaurant,Fast Food Restaurant,Food and Beverage Retail,7417.0
Jamia Nagar,28.63576,77.22445,4,Indian Restaurant,Bar,Café,Dessert Shop,Coffee Shop,Movie Theater,Diner,Falafel Restaurant,Fast Food Restaurant,Food and Beverage Retail,5550.0
Janakpuri,28.6116644,77.1051654,4,Retail,Indian Restaurant,Market,Coffee Shop,Advertising Agency,Moroccan Restaurant,Pharmacy,Performing Arts Venue,Park,North Indian Restaurant,10450.0
Jasola,28.63576,77.22445,4,Indian Restaurant,Bar,Café,Dessert Shop,Coffee Shop,Movie Theater,Diner,Falafel Restaurant,Fast Food Restaurant,Food and Beverage Retail,8900.0
Jharoda Majra Burari,28.63576,77.22445,4,Indian Restaurant,Bar,Café,Dessert Shop,Coffee Shop,Movie Theater,Diner,Falafel Restaurant,Fast Food Restaurant,Food and Beverage Retail,3995.0
KG-III,28.63576,77.22445,4,Indian Restaurant,Bar,Café,Dessert Shop,Coffee Shop,Movie Theater,Diner,Falafel Restaurant,Fast Food Restaurant,Food and Beverage Retail,8750.0
Kakrola,28.63576,77.22445,4,Indian Restaurant,Bar,Café,Dessert Shop,Coffee Shop,Movie Theater,Diner,Falafel Restaurant,Fast Food Restaurant,Food and Beverage Retail,5550.0
Kalkaji,28.5435234,77.247977,4,Karaoke Bar,Indian Restaurant,Market,Bed and Breakfast,Advertising Agency,Music Venue,Movie Theater,Mughlai Restaurant,Museum,Music Store,9100.0
Kalu Sarai,28.5399809,77.1934611,1,Moroccan Restaurant,Record Store,Restaurant,Hotel,Modern European Restaurant,Advertising Agency,Pharmacy,Performing Arts Venue,Park,North Indian Restaurant,8888.0
Karawal Nagar,28.63576,77.22445,4,Indian Restaurant,Bar,Café,Dessert Shop,Coffee Shop,Movie Theater,Diner,Falafel Restaurant,Fast Food Restaurant,Food and Beverage Retail,2400.0
Karol Bagh,28.6430858,77.2192671,1,Hotel,Platform,Café,Rail Station,Bar,Fried Chicken Joint,Coffee Shop,Hostel,Pizzeria,Middle Eastern Restaurant,19200.0
Khanpur,28.63576,77.22445,4,Indian Restaurant,Bar,Café,Dessert Shop,Coffee Shop,Movie Theater,Diner,Falafel Restaurant,Fast Food Restaurant,Food and Beverage Retail,4250.0
Kondli,28.63576,77.22445,4,Indian Restaurant,Bar,Café,Dessert Shop,Coffee Shop,Movie Theater,Diner,Falafel Restaurant,Fast Food Restaurant,Food and Beverage Retail,11317.0
Kotla Mubarakpur,28.63576,77.22445,4,Indian Restaurant,Bar,Café,Dessert Shop,Coffee Shop,Movie Theater,Diner,Falafel Restaurant,Fast Food Restaurant,Food and Beverage Retail,16054.0
Lajpat Nagar,28.5607042,77.2536026,1,Hotel,Café,Bar,Fast Food Restaurant,Shopping Mall,Pizzeria,Vegan and Vegetarian Restaurant,Mattress Store,Korean Restaurant,Pharmacy,14550.0
Lodhi Colony,28.5897613,77.2165908,3,Park,Chinese Restaurant,Bookstore,Historic and Protected Site,Advertising Agency,Moroccan Restaurant,Pizzeria,Pharmacy,Performing Arts Venue,North Indian Restaurant,19841.0
Madangir,28.63576,77.22445,4,Indian Restaurant,Bar,Café,Dessert Shop,Coffee Shop,Movie Theater,Diner,Falafel Restaurant,Fast Food Restaurant,Food and Beverage Retail,3444.0
Maharani Bagh,28.569183,77.2634243,1,Hotel,Travel and Transportation,Coffee Shop,Fuel Station,Sculpture Garden,Advertising Agency,Motorcycle Dealership,Pharmacy,Performing Arts Venue,Park,8999.0
Maidan Garhi,28.63576,77.22445,4,Indian Restaurant,Bar,Café,Dessert Shop,Coffee Shop,Movie Theater,Diner,Falafel Restaurant,Fast Food Restaurant,Food and Beverage Retail,6025.0
Malviya Nagar,28.63576,77.22445,4,Indian Restaurant,Bar,Café,Dessert Shop,Coffee Shop,Movie Theater,Diner,Falafel Restaurant,Fast Food Restaurant,Food and Beverage Retail,7050.0
Mandi House,28.6255149,77.2341926,3,Theater,Indian Restaurant,Bakery,Art Gallery,Concert Hall,Café,Metro Station,Coffee Shop,Rail Station,Arcade,40789.0
Manglapuri,28.5016212,77.1663523,1,Hotel,Italian Restaurant,Fast Food Restaurant,Coffee Shop,Bar,Light Rail Station,Pharmacy,Performing Arts Venue,Park,Motorcycle Dealership,9235.0
Mangolpuri,28.63576,77.22445,4,Indian Restaurant,Bar,Café,Dessert Shop,Coffee Shop,Movie Theater,Diner,Falafel Restaurant,Fast Food Restaurant,Food and Beverage Retail,11235.0
Mansarover Garden,28.63576,77.22445,4,Indian Restaurant,Bar,Café,Dessert Shop,Coffee Shop,Movie Theater,Diner,Falafel Restaurant,Fast Food Restaurant,Food and Beverage Retail,12962.0
Masoodpur,28.5266068,77.1539067,3,Café,Bar,Dessert Shop,Fried Chicken Joint,Sandwich Spot,Spa,Hotel,Pizzeria,Vegan and Vegetarian Restaurant,Men's Store,25925.0
Mayapuri,28.6371795,77.1297333,1,Hotel,Chinese Restaurant,Furniture and Home Store,Advertising Agency,Motorcycle Dealership,Pizzeria,Pharmacy,Performing Arts Venue,Park,North Indian Restaurant,19230.0
Mayur Vihar Phase 1,28.63576,77.22445,4,Indian Restaurant,Bar,Café,Dessert Shop,Coffee Shop,Movie Theater,Diner,Falafel Restaurant,Fast Food Restaurant,Food and Beverage Retail,12900.0
Mayur Vihar Phase 3,28.6138954,77.2090057,4,Monument,Music Venue,Metro Station,Advertising Agency,Pizzeria,Pharmacy,Performing Arts Venue,Park,North Indian Restaurant,Music Store,7100.0
Mehrauli,28.4875461,77.1352279,4,Furniture and Home Store,Art Museum,Indian Restaurant,Advertising Agency,Moroccan Restaurant,Pizzeria,Pharmacy,Performing Arts Venue,Park,North Indian Restaurant,4850.0
Model Town,28.7057279,77.213725,2,Park,Advertising Agency,Monument,Pizzeria,Pharmacy,Performing Arts Venue,North Indian Restaurant,Music Venue,Music Store,Museum,13157.0
Mohan Garden,28.63576,77.22445,4,Indian Restaurant,Bar,Café,Dessert Shop,Coffee Shop,Movie Theater,Diner,Falafel Restaurant,Fast Food Restaurant,Food and Beverage Retail,4850.0
Molarband Extension,28.63576,77.22445,4,Indian Restaurant,Bar,Café,Dessert Shop,Coffee Shop,Movie Theater,Diner,Falafel Restaurant,Fast Food Restaurant,Food and Beverage Retail,4587.0
Moti Nagar,28.5812919,77.1816034,3,Rail Station,Convenience Store,Museum,Fuel Station,Advertising Agency,Platform,Pharmacy,Performing Arts Venue,Park,North Indian Restaurant,19050.0
Mundka,28.63576,77.22445,4,Indian Restaurant,Bar,Café,Dessert Shop,Coffee Shop,Movie Theater,Diner,Falafel Restaurant,Fast Food Restaurant,Food and Beverage Retail,3888.0
Munirka,28.554886,77.1710841,3,Playground,Steakhouse,Department Store,Furniture and Home Store,Sandwich Spot,Grocery Store,Pizzeria,Spa,Pharmacy,Indian Restaurant,17600.0
Najafgarh Road Industrial Area,28.63576,77.22445,3,Indian Restaurant,Bar,Café,Dessert Shop,Coffee Shop,Movie Theater,Diner,Falafel Restaurant,Fast Food Restaurant,Food and Beverage Retail,29925.0
Narela,28.63576,77.22445,4,Indian Restaurant,Bar,Café,Dessert Shop,Coffee Shop,Movie Theater,Diner,Falafel Restaurant,Fast Food Restaurant,Food and Beverage Retail,4800.0
Nasirpur,28.6028727,77.1076284,1,Coffee Shop,Car Parts and Accessories,Advertising Agency,Playground,Pizzeria,Pharmacy,Performing Arts Venue,Park,North Indian Restaurant,Music Venue,5987.0
Nawada,28.63576,77.22445,4,Indian Restaurant,Bar,Café,Dessert Shop,Coffee Shop,Movie Theater,Diner,Falafel Restaurant,Fast Food Restaurant,Food and Beverage Retail,5250.0
Neb Sarai,28.63576,77.22445,4,Indian Restaurant,Bar,Café,Dessert Shop,Coffee Shop,Movie Theater,Diner,Falafel Restaurant,Fast Food Restaurant,Food and Beverage Retail,4750.0
New Mustafabad,28.63576,77.22445,4,Indian Restaurant,Bar,Café,Dessert Shop,Coffee Shop,Movie Theater,Diner,Falafel Restaurant,Fast Food Restaurant,Food and Beverage Retail,5250.0
Nizamuddin West,28.63576,77.22445,4,Indian Restaurant,Bar,Café,Dessert Shop,Coffee Shop,Movie Theater,Diner,Falafel Restaurant,Fast Food Restaurant,Food and Beverage Retail,4444.0
Panchsheel Enclave,28.63576,77.22445,3,Indian Restaurant,Bar,Café,Dessert Shop,Coffee Shop,Movie Theater,Diner,Falafel Restaurant,Fast Food Restaurant,Food and Beverage Retail,29017.0
Pandav Nagar,28.6500237,77.1536755,4,Indian Restaurant,Deli,Metro Station,Movie Theater,Advertising Agency,Moroccan Restaurant,Pizzeria,Pharmacy,Performing Arts Venue,Park,7785.0
Paschim Vihar,28.63576,77.22445,4,Indian Restaurant,Bar,Café,Dessert Shop,Coffee Shop,Movie Theater,Diner,Falafel Restaurant,Fast Food Restaurant,Food and Beverage Retail,11250.0
Patparganj,28.63576,77.22445,4,Indian Restaurant,Bar,Café,Dessert Shop,Coffee Shop,Movie Theater,Diner,Falafel Restaurant,Fast Food Restaurant,Food and Beverage Retail,12200.0
Pitampura,28.6968328,77.1424595,4,Indian Restaurant,Café,Mobile Phone Store,Hotel,Restaurant,Convenience Store,Car Parts and Accessories,Park,Performing Arts Venue,North Indian Restaurant,12500.0
Rajinder Nagar,28.6357855,77.1841395,3,Ice Cream Parlor,Park,Market,Music Store,Coffee Shop,Sandwich Spot,Advertising Agency,Moroccan Restaurant,Pharmacy,Performing Arts Venue,17629.0
Rajpur,28.63576,77.22445,4,Indian Restaurant,Bar,Café,Dessert Shop,Coffee Shop,Movie Theater,Diner,Falafel Restaurant,Fast Food Restaurant,Food and Beverage Retail,4540.0
Ranjeet Nagar,28.6361164,77.1677709,4,Electronics Store,Advertising Agency,Moroccan Restaurant,Pizzeria,Pharmacy,Performing Arts Venue,Park,North Indian Restaurant,Music Venue,Music Store,4000.0
Rithala,28.63576,77.22445,4,Indian Restaurant,Bar,Café,Dessert Shop,Coffee Shop,Movie Theater,Diner,Falafel Restaurant,Fast Food Restaurant,Food and Beverage Retail,5052.0
Rohini,28.7194508,77.067249,0,Indian Restaurant,Food Truck,Bakery,Restaurant,Advertising Agency,Moroccan Restaurant,Pharmacy,Performing Arts Venue,Park,North Indian Restaurant,11850.0
Roop Nagar,28.63576,77.22445,4,Indian Restaurant,Bar,Café,Dessert Shop,Coffee Shop,Movie Theater,Diner,Falafel Restaurant,Fast Food Restaurant,Food and Beverage Retail,8533.0
Safdarjung Development Area,28.63576,77.22445,3,Indian Restaurant,Bar,Café,Dessert Shop,Coffee Shop,Movie Theater,Diner,Falafel Restaurant,Fast Food Restaurant,Food and Beverage Retail,25000.0
Safdarjung Enclave,28.56502,77.1925584,1,Hotel,Fast Food Restaurant,Korean Restaurant,North Indian Restaurant,French Restaurant,Spa,Advertising Agency,Motorcycle Dealership,Pharmacy,Performing Arts Venue,14393.0
Sainik Farm,28.63576,77.22445,4,Indian Restaurant,Bar,Café,Dessert Shop,Coffee Shop,Movie Theater,Diner,Falafel Restaurant,Fast Food Restaurant,Food and Beverage Retail,5294.0
Saket,28.5234897,77.209631,3,Pizzeria,Falafel Restaurant,Café,Fast Food Restaurant,Convenience Store,Movie Theater,Platform,Pharmacy,Performing Arts Venue,Park,12846.0
Sarai Rohilla,28.6644729,77.1838135,1,Fast Food Restaurant,Rail Station,Food and Beverage Retail,Hotel,Fuel Station,Advertising Agency,Motorcycle Dealership,Performing Arts Venue,Park,North Indian Restaurant,10000.0
Sarita Vihar,28.5482732,77.3164426,3,River,Fried Chicken Joint,Advertising Agency,Moroccan Restaurant,Pharmacy,Performing Arts Venue,Park,North Indian Restaurant,Music Venue,Music Store,11650.0
Sarvodaya Enclave,28.5871236,77.0881692,4,Snack Place,Rail Station,Bar,Retail,Museum,Advertising Agency,Pharmacy,Performing Arts Venue,Park,North Indian Restaurant,6428.0
Sat Bari,28.63576,77.22445,4,Indian Restaurant,Bar,Café,Dessert Shop,Coffee Shop,Movie Theater,Diner,Falafel Restaurant,Fast Food Restaurant,Food and Beverage Retail,6296.0
Sector 1 Dwarka,28.5592725,77.0666248,1,Café,Coffee Shop,Hotel,Cocktail Bar,Mughlai Restaurant,Advertising Agency,Pizzeria,Pharmacy,Performing Arts Venue,Park,8325.0
Sector 10 Dwarka,28.5592725,77.0666248,1,Café,Coffee Shop,Hotel,Cocktail Bar,Mughlai Restaurant,Advertising Agency,Pizzeria,Pharmacy,Performing Arts Venue,Park,14500.0
Sector 11 Dwarka,28.5592725,77.0666248,1,Café,Coffee Shop,Hotel,Cocktail Bar,Mughlai Restaurant,Advertising Agency,Pizzeria,Pharmacy,Performing Arts Venue,Park,14100.0
Sector 12 Dwarka,28.5592725,77.0666248,1,Café,Coffee Shop,Hotel,Cocktail Bar,Mughlai Restaurant,Advertising Agency,Pizzeria,Pharmacy,Performing Arts Venue,Park,14400.0
Sector 13 Dwarka,28.5592725,77.0666248,1,Café,Coffee Shop,Hotel,Cocktail Bar,Mughlai Restaurant,Advertising Agency,Pizzeria,Pharmacy,Performing Arts Venue,Park,13600.0
Sector 13 Rohini,28.713012,77.1264429,3,Ice Cream Parlor,Restaurant,Coffee Shop,Shopping Mall,Advertising Agency,Moroccan Restaurant,Pharmacy,Performing Arts Venue,Park,North Indian Restaurant,15000.0
Sector 14 Dwarka,28.5592725,77.0666248,1,Café,Coffee Shop,Hotel,Cocktail Bar,Mughlai Restaurant,Advertising Agency,Pizzeria,Pharmacy,Performing Arts Venue,Park,11515.5
Sector 14 Rohini,28.713012,77.1264429,3,Ice Cream Parlor,Restaurant,Coffee Shop,Shopping Mall,Advertising Agency,Moroccan Restaurant,Pharmacy,Performing Arts Venue,Park,North Indian Restaurant,17200.0
Sector 15 Dwarka,28.5592725,77.0666248,1,Café,Coffee Shop,Hotel,Cocktail Bar,Mughlai Restaurant,Advertising Agency,Pizzeria,Pharmacy,Performing Arts Venue,Park,6300.0
Sector 15 Rohini,28.713012,77.1264429,3,Ice Cream Parlor,Restaurant,Coffee Shop,Shopping Mall,Advertising Agency,Moroccan Restaurant,Pharmacy,Performing Arts Venue,Park,North Indian Restaurant,11650.0
Sector 16 Dwarka,28.5592725,77.0666248,1,Café,Coffee Shop,Hotel,Cocktail Bar,Mughlai Restaurant,Advertising Agency,Pizzeria,Pharmacy,Performing Arts Venue,Park,9285.5
Sector 16 Rohini,28.713012,77.1264429,3,Ice Cream Parlor,Restaurant,Coffee Shop,Shopping Mall,Advertising Agency,Moroccan Restaurant,Pharmacy,Performing Arts Venue,Park,North Indian Restaurant,10359.0
Sector 17 Dwarka,28.5592725,77.0666248,1,Café,Coffee Shop,Hotel,Cocktail Bar,Mughlai Restaurant,Advertising Agency,Pizzeria,Pharmacy,Performing Arts Venue,Park,11550.0
Sector 17 Rohini,28.713012,77.1264429,3,Ice Cream Parlor,Restaurant,Coffee Shop,Shopping Mall,Advertising Agency,Moroccan Restaurant,Pharmacy,Performing Arts Venue,Park,North Indian Restaurant,7141.0
Sector 18 Dwarka,28.5845225,77.0465509,4,Print Store,Indian Restaurant,Metro Station,Advertising Agency,Moroccan Restaurant,Pharmacy,Performing Arts Venue,Park,North Indian Restaurant,Music Venue,15250.0
Sector 18 Rohini,28.713012,77.1264429,3,Ice Cream Parlor,Restaurant,Coffee Shop,Shopping Mall,Advertising Agency,Moroccan Restaurant,Pharmacy,Performing Arts Venue,Park,North Indian Restaurant,11350.0
Sector 19 Dwarka,28.5592725,77.0666248,1,Café,Coffee Shop,Hotel,Cocktail Bar,Mughlai Restaurant,Advertising Agency,Pizzeria,Pharmacy,Performing Arts Venue,Park,13950.0
Sector 2 Dwarka,28.5592725,77.0666248,1,Café,Coffee Shop,Hotel,Cocktail Bar,Mughlai Restaurant,Advertising Agency,Pizzeria,Pharmacy,Performing Arts Venue,Park,13600.0
Sector 2 Rohini,28.713012,77.1264429,3,Ice Cream Parlor,Restaurant,Coffee Shop,Shopping Mall,Advertising Agency,Moroccan Restaurant,Pharmacy,Performing Arts Venue,Park,North Indian Restaurant,6880.0
Sector 21,28.5592725,77.0666248,1,Café,Coffee Shop,Hotel,Cocktail Bar,Mughlai Restaurant,Advertising Agency,Pizzeria,Pharmacy,Performing Arts Venue,Park,15227.0
Sector 21 Rohini,28.713012,77.1264429,3,Ice Cream Parlor,Restaurant,Coffee Shop,Shopping Mall,Advertising Agency,Moroccan Restaurant,Pharmacy,Performing Arts Venue,Park,North Indian Restaurant,8611.0
Sector 22 Dwarka,28.5579591,77.0580701,1,Café,Pizzeria,Hotel,Cocktail Bar,Shopping Mall,Advertising Agency,Pharmacy,Performing Arts Venue,Park,North Indian Restaurant,14400.0
Sector 23 Dwarka,28.5592725,77.0666248,1,Café,Coffee Shop,Hotel,Cocktail Bar,Mughlai Restaurant,Advertising Agency,Pizzeria,Pharmacy,Performing Arts Venue,Park,13950.0
Sector 23 Rohini,28.713012,77.1264429,3,Ice Cream Parlor,Restaurant,Coffee Shop,Shopping Mall,Advertising Agency,Moroccan Restaurant,Pharmacy,Performing Arts Venue,Park,North Indian Restaurant,10691.0
Sector 23B Dwarka,28.5592725,77.0666248,1,Café,Coffee Shop,Hotel,Cocktail Bar,Mughlai Restaurant,Advertising Agency,Pizzeria,Pharmacy,Performing Arts Venue,Park,13725.0
Sector 24 Rohini,28.713012,77.1264429,3,Ice Cream Parlor,Restaurant,Coffee Shop,Shopping Mall,Advertising Agency,Moroccan Restaurant,Pharmacy,Performing Arts Venue,Park,North Indian Restaurant,8950.0
Sector 25 Rohini,28.713012,77.1264429,3,Ice Cream Parlor,Restaurant,Coffee Shop,Shopping Mall,Advertising Agency,Moroccan Restaurant,Pharmacy,Performing Arts Venue,Park,North Indian Restaurant,9150.0
Sector 28 Rohini,28.713012,77.1264429,3,Ice Cream Parlor,Restaurant,Coffee Shop,Shopping Mall,Advertising Agency,Moroccan Restaurant,Pharmacy,Performing Arts Venue,Park,North Indian Restaurant,7700.0
Sector 3 Dwarka,28.6059739,77.0479506,3,Convenience Store,Motorcycle Dealership,Coffee Shop,Chinese Restaurant,Movie Theater,Platform,Pizzeria,Pharmacy,Performing Arts Venue,Park,13350.0
Sector 3 Rohini,28.7060837,77.1028753,4,Indian Restaurant,Import and Export Service,Advertising Agency,Monument,Pharmacy,Performing Arts Venue,Park,North Indian Restaurant,Music Venue,Music Store,11249.0
Sector 34 Rohini,28.713012,77.1264429,3,Ice Cream Parlor,Restaurant,Coffee Shop,Shopping Mall,Advertising Agency,Moroccan Restaurant,Pharmacy,Performing Arts Venue,Park,North Indian Restaurant,8400.0
Sector 4 Dwarka,28.6046733,77.0490784,3,Convenience Store,Coffee Shop,Motorcycle Dealership,Advertising Agency,Playground,Pizzeria,Pharmacy,Performing Arts Venue,Park,North Indian Restaurant,14200.0
Sector 4 Rohini,28.713012,77.1264429,3,Ice Cream Parlor,Restaurant,Coffee Shop,Shopping Mall,Advertising Agency,Moroccan Restaurant,Pharmacy,Performing Arts Venue,Park,North Indian Restaurant,4472.0
Sector 5 Dwarka,28.5592725,77.0666248,1,Café,Coffee Shop,Hotel,Cocktail Bar,Mughlai Restaurant,Advertising Agency,Pizzeria,Pharmacy,Performing Arts Venue,Park,14300.0
Sector 7 Dwarka,28.5579591,77.0580701,1,Café,Pizzeria,Hotel,Cocktail Bar,Shopping Mall,Advertising Agency,Pharmacy,Performing Arts Venue,Park,North Indian Restaurant,13700.0
Sector 8 Rohini,28.713012,77.1264429,3,Ice Cream Parlor,Restaurant,Coffee Shop,Shopping Mall,Advertising Agency,Moroccan Restaurant,Pharmacy,Performing Arts Venue,Park,North Indian Restaurant,10200.0
Sector 9 Dwarka,28.574272,77.0653316,3,Bar,Burger Joint,Rail Station,Travel and Transportation,Chaat Place,Fried Chicken Joint,Music Store,Movie Theater,Mughlai Restaurant,Museum,13850.0
Sector 9 Rohini,28.713012,77.1264429,3,Ice Cream Parlor,Restaurant,Coffee Shop,Shopping Mall,Advertising Agency,Moroccan Restaurant,Pharmacy,Performing Arts Venue,Park,North Indian Restaurant,16300.0
Sector B Vasant Kunj,28.5265395,77.1566818,3,Pizzeria,Dessert Shop,Sandwich Spot,Café,Spa,Hotel,Bar,Chinese Restaurant,Fried Chicken Joint,Vegan and Vegetarian Restaurant,17850.0
Sector C Vasant Kunj,28.63576,77.22445,3,Indian Restaurant,Bar,Café,Dessert Shop,Coffee Shop,Movie Theater,Diner,Falafel Restaurant,Fast Food Restaurant,Food and Beverage Retail,21450.0
Sector D Vasant Kunj,28.5343676,77.142188,3,Café,Pizzeria,Park,Coffee Shop,Spa,Advertising Agency,Pharmacy,Performing Arts Venue,North Indian Restaurant,Music Venue,19500.0
Shahdara,28.63576,77.22445,4,Indian Restaurant,Bar,Café,Dessert Shop,Coffee Shop,Movie Theater,Diner,Falafel Restaurant,Fast Food Restaurant,Food and Beverage Retail,6100.0
Shakti Nagar,28.63576,77.22445,4,Indian Restaurant,Bar,Café,Dessert Shop,Coffee Shop,Movie Theater,Diner,Falafel Restaurant,Fast Food Restaurant,Food and Beverage Retail,8500.0
Shalimar Bagh,28.7096432,77.1691744,4,Indian Restaurant,Mattress Store,Tea Room,Advertising Agency,Monument,Pharmacy,Performing Arts Venue,Park,North Indian Restaurant,Music Venue,11900.0
Sheikh Sarai,28.5357745,77.2231689,3,Pizzeria,Coffee Shop,Clothing Store,Advertising Agency,Playground,Pharmacy,Performing Arts Venue,Park,North Indian Restaurant,Music Venue,13350.0
Shivalik,28.63576,77.22445,4,Indian Restaurant,Bar,Café,Dessert Shop,Coffee Shop,Movie Theater,Diner,Falafel Restaurant,Fast Food Restaurant,Food and Beverage Retail,9000.0
Sri Niwaspuri,28.63576,77.22445,4,Indian Restaurant,Bar,Café,Dessert Shop,Coffee Shop,Movie Theater,Diner,Falafel Restaurant,Fast Food Restaurant,Food and Beverage Retail,500.0
Sudarshan Park,28.63576,77.22445,4,Indian Restaurant,Bar,Café,Dessert Shop,Coffee Shop,Movie Theater,Diner,Falafel Restaurant,Fast Food Restaurant,Food and Beverage Retail,5476.0
Sultanpur,28.4985863,77.1594085,4,Hotel,Donut Shop,Japanese Restaurant,Art Gallery,Luggage Store,Furniture and Home Store,Indian Restaurant,Bar,Metro Station,Museum,5650.0
Tara Nagar,28.6773027,77.1963934,4,Southern Food Restaurant,Park,Boutique,Fried Chicken Joint,Indie Movie Theater,Café,Performing Arts Venue,North Indian Restaurant,Music Venue,Monument,3835.0
Tikri Khurd,28.63576,77.22445,4,Indian Restaurant,Bar,Café,Dessert Shop,Coffee Shop,Movie Theater,Diner,Falafel Restaurant,Fast Food Restaurant,Food and Beverage Retail,1866.0
Tri Nagar,28.63576,77.22445,4,Indian Restaurant,Bar,Café,Dessert Shop,Coffee Shop,Movie Theater,Diner,Falafel Restaurant,Fast Food Restaurant,Food and Beverage Retail,9379.0
Uttam Nagar,28.6100413,77.0682825,4,Furniture and Home Store,Advertising Agency,Moroccan Restaurant,Pizzeria,Pharmacy,Performing Arts Venue,Park,North Indian Restaurant,Music Venue,Music Store,4850.0
Uttam Nagar West,28.6100594,77.066694,4,Furniture and Home Store,Advertising Agency,Moroccan Restaurant,Pizzeria,Pharmacy,Performing Arts Venue,Park,North Indian Restaurant,Music Venue,Music Store,5400.0
Vasant Kunj,28.5292495,77.1541335,3,Café,Arcade,Pizzeria,Vegan and Vegetarian Restaurant,Clothing Store,Music Store,Motorcycle Dealership,Movie Theater,Mughlai Restaurant,Museum,18450.0
Vasant Vihar,28.557827,77.1611168,3,Coffee Shop,Restaurant,Chinese Restaurant,Italian Restaurant,Food and Beverage Retail,Department Store,Dessert Shop,Donut Shop,Fast Food Restaurant,Pub,24254.5
Vasundhara Enclave,28.63576,77.22445,4,Indian Restaurant,Bar,Café,Dessert Shop,Coffee Shop,Movie Theater,Diner,Falafel Restaurant,Fast Food Restaurant,Food and Beverage Retail,10550.0
Vikas Puri,28.63576,77.22445,4,Indian Restaurant,Bar,Café,Dessert Shop,Coffee Shop,Movie Theater,Diner,Falafel Restaurant,Fast Food Restaurant,Food and Beverage Retail,10750.0
Vinod Nagar East,28.63576,77.22445,4,Indian Restaurant,Bar,Café,Dessert Shop,Coffee Shop,Movie Theater,Diner,Falafel Restaurant,Fast Food Restaurant,Food and Beverage Retail,5818.0
West Sagarpur,28.63576,77.22445,4,Indian Restaurant,Bar,Café,Dessert Shop,Coffee Shop,Movie Theater,Diner,Falafel Restaurant,Fast Food Restaurant,Food and Beverage Retail,3384.0
